Model,Time Taken
LLM,1.0412824199993338
TTS,1.1332275180011493
