Model,Time Taken
STT,0.2682283310000457
LLM,2.3374386770001365
TTS,1.131536682999922
TTS,1.0534181630000603
TTS,0.9570220709997557
