Model,Time Taken
STT,1.1210473100072704
LLM,0.0169238340022275
TTS,1.0475899890006986
TTS,1.0499008799961302
TTS,1.296373240998946
STT,0.6422073360008653
LLM,0.0163100909994682
TTS,1.0352628709952114
TTS,1.0808971590013243
TTS,1.2739625139947748
STT,0.6276583120052237
LLM,0.0131046280002919
TTS,1.075930808990961
TTS,1.1365111470076954
TTS,2.799888509995071
TTS,0.8885057349980343
STT,0.6369746639975347
LLM,0.0105702229921007
TTS,0.9618644769943784
TTS,1.0693159450020175
