Model,Time Taken
STT,1.0932559140001104
LLM,0.8588878340005976
TTS,1.642569241000274
TTS,1.3114830689992232
STT,0.557023676999961
LLM,1.8404692170006456
TTS,1.1977230949996738
TTS,0.9986728730000324
TTS,0.9492482050000036
STT,0.6033129069992356
LLM,0.853720482999961
TTS,1.1724032629999783
TTS,1.4770979679997254
TTS,1.1249707630004195
